Name,Birthday,Address
Sarah Jennifer,2002-06-12,"297 Birch St, Midtown, FL, 97141"
Michael Joseph,1988-11-12,"375 Cedar St, Westwood, PA, 48825"
David David,1994-06-25,"559 Pine St, Lakewood, NC, 91169"
Mary Patricia,2004-02-19,"305 Spruce St, Oakwood, CA, 22425"
Michael Thomas,1983-05-21,"491 Maple St, Lakewood, GA, 72764"
Barbara Linda,2004-04-17,"187 Cedar St, Lakewood, CA, 51850"
Mary Elizabeth,1980-05-15,"389 Oak St, Sunnydale, GA, 80393"
Susan Richard,1995-09-27,"724 Maple St, Riverside, NY, 43090"
Linda David,2002-03-05,"975 Birch St, Westwood, CA, 72704"
Elizabeth Thomas,1990-10-02,"870 Elm St, Greenwood, GA, 87271"
Barbara Karen,1980-11-05,"400 Oak St, Midtown, FL, 10814"
Richard Thomas,1991-02-10,"818 Birch St, Riverside, NY, 54537"
John Richard,1987-03-10,"734 Cedar St, Greenwood, CA, 81620"
Thomas Richard,1995-07-29,"374 Cedar St, Midtown, GA, 49834"
Patricia Sarah,1987-05-23,"712 Elm St, Riverside, MI, 86130"
Patricia Patricia,1995-04-19,"248 Elm St, Brookside, CA, 86876"
Jennifer Barbara,1995-03-23,"728 Birch St, Greenwood, NC, 42029"
Joseph Richard,1997-05-11,"994 Elm St, Oakwood, PA, 18984"
David Patricia,1992-03-21,"646 Aspen St, Riverside, GA, 64030"
Richard Joseph,2001-09-26,"284 Walnut St, Oakwood, NC, 89083"
Jessica Sarah,1986-07-18,"285 Walnut St, Greenwood, MI, 76049"
Jessica James,1994-08-19,"509 Maple St, Midtown, GA, 76030"
Michael Jessica,1991-03-25,"365 Maple St, Sunnydale, CA, 92929"
David Sarah,1990-11-21,"996 Elm St, Sunnydale, NC, 63785"
Jennifer Elizabeth,1983-08-19,"707 Oak St, Brookside, CA, 66363"
Elizabeth Linda,1999-08-06,"697 Aspen St, Brookside, OH, 11562"
Charles Mary,1992-06-12,"825 Elm St, Lakewood, TX, 23890"
John Sarah,1987-02-05,"748 Cedar St, Midtown, TX, 78503"
Elizabeth Linda,1990-10-19,"393 Pine St, Riverside, TX, 87680"
Michael David,1997-10-18,"804 Pine St, Brookside, IL, 27756"
Barbara Richard,1985-11-18,"412 Cedar St, Fairview, FL, 79111"
Jennifer Sarah,1993-08-24,"868 Cedar St, Sunnydale, MI, 84967"
Susan Joseph,2004-03-02,"814 Cedar St, Fairview, MI, 54098"
Sarah Charles,1981-07-06,"351 Maple St, Greenwood, NY, 80528"
William Mary,1997-04-27,"662 Oak St, Greenwood, NY, 29077"
Joseph James,1986-07-08,"706 Aspen St, Greenwood, OH, 37283"
Joseph Susan,1995-02-04,"102 Spruce St, Riverside, TX, 81435"
Joseph Michael,1985-04-02,"425 Oak St, Westwood, GA, 31936"
Susan Jennifer,2002-05-16,"680 Willow St, Oakwood, MI, 62244"
Patricia Charles,1988-12-21,"380 Oak St, Oakwood, GA, 67327"
Thomas Richard,1980-12-13,"489 Maple St, Fairview, FL, 88288"
Sarah Mary,1996-04-03,"240 Aspen St, Springfield, TX, 48540"
James William,1988-09-19,"457 Maple St, Lakewood, CA, 97247"
Richard Sarah,1980-06-18,"310 Maple St, Lakewood, TX, 44088"
Michael Charles,1982-10-04,"484 Birch St, Greenwood, MI, 78076"
Joseph Linda,1989-08-10,"139 Cedar St, Brookside, OH, 27455"
Joseph Mary,2002-05-25,"883 Spruce St, Midtown, TX, 20699"
Elizabeth Jessica,2003-12-12,"600 Elm St, Riverside, PA, 89057"
Barbara Robert,1994-09-10,"750 Pine St, Midtown, IL, 75346"
Thomas John,2000-08-03,"589 Walnut St, Midtown, NY, 94399"
Elizabeth Jennifer,1981-07-15,"323 Maple St, Riverside, TX, 13962"
Thomas William,1987-10-23,"802 Aspen St, Fairview, PA, 26272"
Charles Barbara,2001-10-31,"664 Spruce St, Greenwood, FL, 97556"
Jennifer Joseph,2000-03-20,"431 Walnut St, Sunnydale, NY, 93334"
David Richard,2000-04-08,"968 Walnut St, Springfield, IL, 88221"
Charles John,1999-08-16,"601 Willow St, Lakewood, NC, 90542"
Richard Patricia,1987-09-02,"160 Aspen St, Westwood, CA, 22128"
Mary Michael,1994-11-30,"207 Cedar St, Greenwood, NC, 60075"
Elizabeth Barbara,1992-04-24,"617 Elm St, Westwood, CA, 11485"
Robert Karen,2000-05-13,"219 Walnut St, Fairview, TX, 27460"
David David,1992-08-13,"245 Birch St, Westwood, GA, 37873"
Susan Barbara,1984-07-23,"552 Elm St, Riverside, GA, 51396"
Michael Patricia,1982-04-02,"509 Oak St, Oakwood, IL, 42084"
Robert James,1982-03-10,"762 Oak St, Westwood, TX, 19133"
Joseph Susan,1992-09-01,"369 Willow St, Riverside, NC, 89397"
Charles John,2002-08-12,"826 Aspen St, Springfield, NC, 55746"
Patricia Mary,1980-08-03,"211 Elm St, Westwood, NY, 39283"
Jennifer Karen,1988-05-23,"903 Spruce St, Midtown, FL, 14124"
David Richard,1980-11-23,"572 Oak St, Fairview, PA, 89429"
Robert Charles,1986-11-12,"995 Walnut St, Westwood, OH, 37556"
Linda Patricia,1996-04-23,"283 Walnut St, Westwood, MI, 60412"
James John,1984-08-30,"798 Oak St, Springfield, MI, 98387"
Richard Thomas,1987-04-18,"530 Cedar St, Midtown, GA, 75917"
David Mary,1994-01-27,"928 Maple St, Oakwood, PA, 20910"
Jessica Jennifer,1984-05-22,"454 Spruce St, Riverside, CA, 10072"
Robert Elizabeth,1981-12-09,"784 Cedar St, Greenwood, NY, 75323"
William Charles,1996-08-24,"669 Walnut St, Riverside, OH, 82521"
Jennifer Susan,1995-07-18,"900 Maple St, Riverside, FL, 11980"
Barbara Mary,1984-08-23,"455 Oak St, Oakwood, FL, 53248"
Sarah Charles,1994-05-23,"655 Willow St, Fairview, OH, 51948"
James Charles,2005-10-09,"520 Elm St, Lakewood, FL, 86077"
Elizabeth Patricia,1994-09-06,"192 Spruce St, Oakwood, TX, 19724"
Barbara William,1993-04-08,"179 Walnut St, Riverside, FL, 20793"
James Sarah,1983-08-13,"196 Oak St, Greenwood, TX, 64900"
Karen Linda,1984-07-08,"651 Aspen St, Midtown, CA, 11349"
James Sarah,1994-03-10,"951 Pine St, Lakewood, OH, 65222"
Barbara Thomas,1999-09-28,"740 Walnut St, Riverside, TX, 48690"
Richard David,1989-08-17,"897 Cedar St, Westwood, NY, 89634"
Mary Joseph,1992-11-08,"546 Spruce St, Springfield, IL, 53333"
John Jennifer,1997-03-25,"435 Elm St, Greenwood, TX, 85946"
James Susan,1990-04-30,"154 Birch St, Westwood, NC, 76459"
Robert Sarah,1993-10-04,"241 Pine St, Greenwood, PA, 64891"
Susan John,1995-03-11,"605 Oak St, Oakwood, PA, 83563"
Thomas Jessica,1994-04-19,"879 Spruce St, Midtown, GA, 71105"
Mary Richard,1981-03-03,"854 Walnut St, Fairview, OH, 58169"
Jessica Mary,2004-05-19,"699 Aspen St, Oakwood, IL, 76126"
Charles John,1984-04-03,"880 Maple St, Fairview, NC, 23673"
Linda John,1991-04-20,"218 Oak St, Westwood, CA, 46838"
James Joseph,1990-04-06,"203 Spruce St, Springfield, GA, 52093"
Karen Susan,1993-12-22,"837 Walnut St, Lakewood, NC, 38223"
